{
	"IcoMoonType": "selection",
	"icons": [
		{
			"icon": {
				"paths": [
					"M231.219 386.458c22.323-22.835 53.402-24.627 80.691 0l200.090 191.846 200.090-191.846c27.29-24.627 58.419-22.835 80.589 0 22.323 22.784 20.89 61.286 0 82.688-20.787 21.402-240.384 230.502-240.384 230.502-11.11 11.418-25.702 17.152-40.294 17.152s-29.184-5.734-40.397-17.152c0 0-219.494-209.101-240.384-230.502-20.941-21.402-22.323-59.904 0-82.688z"
				],
				"attrs": [],
				"isMulticolor": false,
				"tags": [
					"chevron-down"
				],
				"grid": 20
			},
			"attrs": [],
			"properties": {
				"order": 1,
				"id": 0,
				"prevSize": 20,
				"code": 59649,
				"name": "chevron-down"
			},
			"setIdx": 0,
			"setId": 1,
			"iconIdx": 0
		},
		{
			"icon": {
				"paths": [
					"M992.262 871.396l-242.552-206.294c-25.074-22.566-51.89-32.926-73.552-31.926 57.256-67.068 91.842-154.078 91.842-249.176 0-212.078-171.922-384-384-384-212.076 0-384 171.922-384 384s171.922 384 384 384c95.098 0 182.108-34.586 249.176-91.844-1 21.662 9.36 48.478 31.926 73.552l206.294 242.552c35.322 39.246 93.022 42.554 128.22 7.356s31.892-92.898-7.354-128.22zM384 640c-141.384 0-256-114.616-256-256s114.616-256 256-256 256 114.616 256 256-114.614 256-256 256z"
				],
				"attrs": [],
				"isMulticolor": false,
				"tags": [
					"search",
					"magnifier",
					"magnifying-glass",
					"inspect",
					"find"
				],
				"grid": 16
			},
			"attrs": [],
			"properties": {
				"order": 1,
				"prevSize": 16,
				"ligatures": "search, magnifier",
				"name": "search",
				"id": 135,
				"code": 59648
			},
			"setIdx": 1,
			"setId": 0,
			"iconIdx": 134
		}
	],
	"height": 1024,
	"metadata": {
		"name": "icomoon"
	},
	"preferences": {
		"showGlyphs": true,
		"showQuickUse": true,
		"showQuickUse2": true,
		"showSVGs": true,
		"fontPref": {
			"prefix": "icon-",
			"metadata": {
				"fontFamily": "icomoon"
			},
			"metrics": {
				"emSize": 1024,
				"baseline": 6.25,
				"whitespace": 50
			},
			"embed": false
		},
		"imagePref": {
			"prefix": "icon-",
			"png": true,
			"useClassSelector": true,
			"color": 0,
			"bgColor": 16777215,
			"classSelector": ".icon"
		},
		"historySize": 100,
		"showCodes": true,
		"gridSize": 16
	}
}